[
{
  "model": "auth.group",
  "pk": 1,
  "fields": {
    "name": "MEMBER",
    "permissions": []
  }
},
{
  "model": "auth.group",
  "pk": 2,
  "fields": {
    "name": "AFFILIATE",
    "permissions": []
  }
},
{
  "model": "auth.group",
  "pk": 3,
  "fields": {
    "name": "PRESS_CRITIC",
    "permissions": []
  }
},
{
  "model": "auth.group",
  "pk": 4,
  "fields": {
    "name": "PRODUCER",
    "permissions": []
  }
},
{
  "model": "auth.group",
  "pk": 5,
  "fields": {
    "name": "ADMINISTRATOR",
    "permissions": []
  }
},
{
  "model": "auth.user",
  "pk": 1,
  "fields": {
    "password": "pbkdf2_sha256$720000$dq2NbZKN19NCdHFCfqefpA$GTk+rWi5PMItsl0jbW64gfq5BnuCrj8Ea5jumsNh0mc=",
    "last_login": "2026-04-24T16:03:20.251Z",
    "is_superuser": true,
    "username": "admin",
    "first_name": "Mohamed",
    "last_name": "Ouedarbi",
    "email": "mouedarbi@gmail.com",
    "is_staff": true,
    "is_active": true,
    "date_joined": "2025-10-04T21:52:09Z",
    "groups": [
      5
    ],
    "user_permissions": []
  }
},
{
  "model": "auth.user",
  "pk": 2,
  "fields": {
    "password": "pbkdf2_sha256$720000$dq2NbZKN19NCdHFCfqefpA$GTk+rWi5PMItsl0jbW64gfq5BnuCrj8Ea5jumsNh0mc=",
    "last_login": null,
    "is_superuser": false,
    "username": "anna",
    "first_name": "Anna",
    "last_name": "User",
    "email": "anna@example.com",
    "is_staff": false,
    "is_active": true,
    "date_joined": "2026-04-29T15:38:11Z",
    "groups": [],
    "user_permissions": []
  }
},
{
  "model": "auth.user",
  "pk": 3,
  "fields": {
    "password": "pbkdf2_sha256$720000$dq2NbZKN19NCdHFCfqefpA$GTk+rWi5PMItsl0jbW64gfq5BnuCrj8Ea5jumsNh0mc=",
    "last_login": null,
    "is_superuser": false,
    "username": "user3",
    "first_name": "User",
    "last_name": "Three",
    "email": "user3@example.com",
    "is_staff": false,
    "is_active": true,
    "date_joined": "2026-04-29T15:38:11Z",
    "groups": [],
    "user_permissions": []
  }
},
{
  "model": "auth.user",
  "pk": 4,
  "fields": {
    "password": "pbkdf2_sha256$720000$dq2NbZKN19NCdHFCfqefpA$GTk+rWi5PMItsl0jbW64gfq5BnuCrj8Ea5jumsNh0mc=",
    "last_login": null,
    "is_superuser": false,
    "username": "user4",
    "first_name": "User",
    "last_name": "Four",
    "email": "user4@example.com",
    "is_staff": false,
    "is_active": true,
    "date_joined": "2026-04-29T15:38:11Z",
    "groups": [],
    "user_permissions": []
  }
},
{
  "model": "auth.user",
  "pk": 5,
  "fields": {
    "password": "pbkdf2_sha256$720000$dq2NbZKN19NCdHFCfqefpA$GTk+rWi5PMItsl0jbW64gfq5BnuCrj8Ea5jumsNh0mc=",
    "last_login": null,
    "is_superuser": false,
    "username": "user5",
    "first_name": "User",
    "last_name": "Five",
    "email": "user5@example.com",
    "is_staff": false,
    "is_active": true,
    "date_joined": "2026-04-29T15:38:11Z",
    "groups": [],
    "user_permissions": []
  }
},
{
  "model": "auth.user",
  "pk": 6,
  "fields": {
    "password": "pbkdf2_sha256$720000$dq2NbZKN19NCdHFCfqefpA$GTk+rWi5PMItsl0jbW64gfq5BnuCrj8Ea5jumsNh0mc=",
    "last_login": null,
    "is_superuser": false,
    "username": "user6",
    "first_name": "User",
    "last_name": "Six",
    "email": "user6@example.com",
    "is_staff": false,
    "is_active": true,
    "date_joined": "2026-04-29T15:38:11Z",
    "groups": [],
    "user_permissions": []
  }
},
{
  "model": "auth.user",
  "pk": 7,
  "fields": {
    "password": "pbkdf2_sha256$720000$dq2NbZKN19NCdHFCfqefpA$GTk+rWi5PMItsl0jbW64gfq5BnuCrj8Ea5jumsNh0mc=",
    "last_login": null,
    "is_superuser": false,
    "username": "user7",
    "first_name": "User",
    "last_name": "Seven",
    "email": "user7@example.com",
    "is_staff": false,
    "is_active": true,
    "date_joined": "2026-04-29T15:38:11Z",
    "groups": [],
    "user_permissions": []
  }
},
{
  "model": "auth.user",
  "pk": 8,
  "fields": {
    "password": "pbkdf2_sha256$720000$XIiKmfKKXUaTd6NzRPPR6v$7BcH0Ks6x8A7JuMHIYIORabDDSnUQjGMF+vcr516Lmk=",
    "last_login": null,
    "is_superuser": false,
    "username": "producer",
    "first_name": "",
    "last_name": "",
    "email": "",
    "is_staff": false,
    "is_active": true,
    "date_joined": "2026-04-24T18:08:13.893Z",
    "groups": [
      1,
      4
    ],
    "user_permissions": []
  }
},
{
  "model": "auth.user",
  "pk": 9,
  "fields": {
    "password": "pbkdf2_sha256$720000$CKpoKBfur9zitipCrSkQKp$272+XOQrivEPiIH5aIhjsD4ZefqQl6H+g6KxVwIXz2M=",
    "last_login": null,
    "is_superuser": false,
    "username": "press",
    "first_name": "",
    "last_name": "",
    "email": "",
    "is_staff": false,
    "is_active": true,
    "date_joined": "2026-04-24T18:08:14.337Z",
    "groups": [
      1,
      3
    ],
    "user_permissions": []
  }
},
{
  "model": "auth.user",
  "pk": 10,
  "fields": {
    "password": "pbkdf2_sha256$720000$WUwld1HPaRdGlmgCK3xsWb$eCwEKvKWLCPMdFSeQk7GTMVSZJ+/TaCWKYMMPDnchKc=",
    "last_login": null,
    "is_superuser": false,
    "username": "member",
    "first_name": "",
    "last_name": "",
    "email": "",
    "is_staff": false,
    "is_active": true,
    "date_joined": "2026-04-24T18:08:14.811Z",
    "groups": [
      1
    ],
    "user_permissions": []
  }
},
{
  "model": "auth.user",
  "pk": 11,
  "fields": {
    "password": "pbkdf2_sha256$720000$5FBmONNFNSb7N8p5etVqH0$Y8pKUTaS/LksdhUq6dF7hFidxjWaUCotNEkyH4LyKc0=",
    "last_login": "2026-04-29T12:44:33.971Z",
    "is_superuser": true,
    "username": "jpmpindu",
    "first_name": "",
    "last_name": "",
    "email": "jpmpindu@gmail.com",
    "is_staff": true,
    "is_active": true,
    "date_joined": "2026-04-29T12:41:40.080Z",
    "groups": [
      1
    ],
    "user_permissions": []
  }
},
{
  "model": "auth.user",
  "pk": 12,
  "fields": {
    "password": "pbkdf2_sha256$720000$5mlNiKUvhbwxyWinUTMLuv$GP+xlq328Vj3cnH/sga+H65sWftzDHeUGu2Bfy25Nng=",
    "last_login": "2026-04-29T13:40:27.587Z",
    "is_superuser": false,
    "username": "jpmukan",
    "first_name": "Jean-Paul",
    "last_name": "MPINDU MUKANDILA",
    "email": "mpindutraining@gmail.com",
    "is_staff": false,
    "is_active": true,
    "date_joined": "2026-04-29T12:45:47.094Z",
    "groups": [
      1
    ],
    "user_permissions": []
  }
},
{
  "model": "auth.user",
  "pk": 13,
  "fields": {
    "password": "pbkdf2_sha256$720000$e6tdXIPFrm4tETxWddJbWo$HPvRY6u+wmlGSoHXcDJk6AVpYXWLeIeS783Jr7XR58s=",
    "last_login": "2026-04-29T13:59:11.446Z",
    "is_superuser": false,
    "username": "mukan",
    "first_name": "Jean-Paul",
    "last_name": "MPINDU MUKANDILA",
    "email": "jpmpindu@gmail.com",
    "is_staff": false,
    "is_active": true,
    "date_joined": "2026-04-29T13:41:14.663Z",
    "groups": [
      1
    ],
    "user_permissions": []
  }
},
{
  "model": "sessions.session",
  "pk": "p2zbcviga3eo53dg825a29vhbhre1tu0",
  "fields": {
    "session_data": ".eJxVjDkOgzAQAP-ydWT5WHsxZXregOz1JiaJQOKoEH-PkGhoZ0azA6d5hXY_HtCnba39tsjcDwVaMBZuMCf-ynia8knje1I8jes8ZHUm6rKL6qYiv-fV3gY1LRVasM57kWgsFYlRY_IuU0SnS7aBNTF6acyLTERqmAwy6WDRlewjBRQ4_ih-OhY:1wI4Ih:-6KI6T71hXBjfZr2KEL2Z0bDC8DSml1dIl-XG2W6XKU",
    "expire_date": "2026-05-13T12:45:59.251Z"
  }
},
{
  "model": "sessions.session",
  "pk": "qy7wk84702dvg52r4fqb3ksk86p2n7o8",
  "fields": {
    "session_data": ".eJxVjMsKgzAQAP9lzyWY98Zj7_2GsLsJ1bYoaDyJ_14EL15nhtlBaGnQ78cDMm1tyNtalzwW6EFbuEEm-dbpNOVD03tWMk9tGVmdibrsql5zqb_n1d4GA60D9GBqjJaDx-LQmuRRY2Bx1kYtVDuyUYwOET0HdCl0TMQh6YiVDYlPcPwBJHM6cQ:1wLmcm:kiaZ6HS0vTf72fjNs4_4MZbPZEnho-OVGEHycqplz8M",
    "expire_date": "2026-05-23T18:42:04.884Z"
  }
},
{
  "model": "catalogue.artist",
  "pk": 1,
  "fields": {
    "firstname": "Daniel",
    "lastname": "Marcelin"
  }
},
{
  "model": "catalogue.artist",
  "pk": 2,
  "fields": {
    "firstname": "Philippe",
    "lastname": "Laurent"
  }
},
{
  "model": "catalogue.artist",
  "pk": 3,
  "fields": {
    "firstname": "Marius",
    "lastname": "Von Mayenburg"
  }
},
{
  "model": "catalogue.artist",
  "pk": 4,
  "fields": {
    "firstname": "Olivier",
    "lastname": "Boudon"
  }
},
{
  "model": "catalogue.artist",
  "pk": 5,
  "fields": {
    "firstname": "Anne Marie",
    "lastname": "Loop"
  }
},
{
  "model": "catalogue.artist",
  "pk": 6,
  "fields": {
    "firstname": "Pietro",
    "lastname": "Varasso"
  }
},
{
  "model": "catalogue.artist",
  "pk": 7,
  "fields": {
    "firstname": "Laurent",
    "lastname": "Caron"
  }
},
{
  "model": "catalogue.artist",
  "pk": 8,
  "fields": {
    "firstname": "Élena",
    "lastname": "Perez"
  }
},
{
  "model": "catalogue.artist",
  "pk": 9,
  "fields": {
    "firstname": "Guillaume",
    "lastname": "Alexandre"
  }
},
{
  "model": "catalogue.artist",
  "pk": 10,
  "fields": {
    "firstname": "Claude",
    "lastname": "Semal"
  }
},
{
  "model": "catalogue.artist",
  "pk": 11,
  "fields": {
    "firstname": "Laurence",
    "lastname": "Warin"
  }
},
{
  "model": "catalogue.artist",
  "pk": 12,
  "fields": {
    "firstname": "Pierre",
    "lastname": "Wayburn"
  }
},
{
  "model": "catalogue.artist",
  "pk": 13,
  "fields": {
    "firstname": "Gwendoline",
    "lastname": "Gauthier"
  }
},
{
  "model": "catalogue.usermeta",
  "pk": 1,
  "fields": {
    "user": 11,
    "langue": "fr"
  }
},
{
  "model": "catalogue.usermeta",
  "pk": 2,
  "fields": {
    "user": 12,
    "langue": "fr"
  }
},
{
  "model": "catalogue.usermeta",
  "pk": 8,
  "fields": {
    "user": 1,
    "langue": "fr"
  }
},
{
  "model": "catalogue.usermeta",
  "pk": 9,
  "fields": {
    "user": 8,
    "langue": "fr"
  }
},
{
  "model": "catalogue.usermeta",
  "pk": 10,
  "fields": {
    "user": 9,
    "langue": "fr"
  }
},
{
  "model": "catalogue.usermeta",
  "pk": 11,
  "fields": {
    "user": 10,
    "langue": "fr"
  }
},
{
  "model": "catalogue.usermeta",
  "pk": 12,
  "fields": {
    "user": 13,
    "langue": "fr"
  }
},
{
  "model": "catalogue.type",
  "pk": 1,
  "fields": {
    "type": "auteur",
    "type_fr": "auteur",
    "type_en": "author",
    "type_nl": "auteur"
  }
},
{
  "model": "catalogue.type",
  "pk": 2,
  "fields": {
    "type": "scénographe",
    "type_fr": "scénographe",
    "type_en": "scenographer",
    "type_nl": "scenograaf"
  }
},
{
  "model": "catalogue.type",
  "pk": 3,
  "fields": {
    "type": "comédien",
    "type_fr": "comédien",
    "type_en": "actor",
    "type_nl": "acteur"
  }
},
{
  "model": "catalogue.price",
  "pk": 1,
  "fields": {
    "type": "children",
    "type_fr": "children",
    "type_en": "children",
    "type_nl": "kinderen",
    "price": "6.00",
    "description": "Tarif enfant (-12 ans), applicable dans les centres culturels.",
    "description_fr": "Tarif enfant (-12 ans), applicable dans les centres culturels.",
    "description_en": "Child rate (-12 years), applicable in cultural centers.",
    "description_nl": "Kindertarief (-12 jaar), van toepassing in culturele centra.",
    "start_date": "2024-01-01",
    "end_date": "2024-12-31"
  }
},
{
  "model": "catalogue.price",
  "pk": 2,
  "fields": {
    "type": "student",
    "type_fr": "student",
    "type_en": "student",
    "type_nl": "student",
    "price": "8.50",
    "description": "Tarif étudiant (carte valide), similaire aux réductions théâtres/cinémas.",
    "description_fr": "Tarif étudiant (carte valide), similaire aux réductions théâtres/cinémas.",
    "description_en": "Student rate (valid card), similar to theater/cinema discounts.",
    "description_nl": "Studententarief (geldige kaart), vergelijkbaar met kortingen in theaters/bioscopen.",
    "start_date": "2024-01-01",
    "end_date": "2024-12-31"
  }
},
{
  "model": "catalogue.price",
  "pk": 3,
  "fields": {
    "type": "senior",
    "type_fr": "senior",
    "type_en": "senior",
    "type_nl": "senior",
    "price": "10.00",
    "description": "Tarif senior (+65), aligné sur les réductions en salles bruxelloises.",
    "description_fr": "Tarif senior (+65), aligné sur les réductions en salles bruxelloises.",
    "description_en": "Senior rate (+65), aligned with discounts in Brussels venues.",
    "description_nl": "Seniorentarief (+65), in lijn met kortingen in Brusselse zalen.",
    "start_date": "2024-01-01",
    "end_date": "2024-12-31"
  }
},
{
  "model": "catalogue.price",
  "pk": 4,
  "fields": {
    "type": "article 27",
    "type_fr": "article 27",
    "type_en": "article 27",
    "type_nl": "artikel 27",
    "price": "1.25",
    "description": "Tarif Article 27 pour bénéficiaires CPAS.",
    "description_fr": "Tarif Article 27 pour bénéficiaires CPAS.",
    "description_en": "Article 27 rate for social aid beneficiaries.",
    "description_nl": "Artikel 27 tarief voor ontvangers van sociale bijstand.",
    "start_date": "2024-01-01",
    "end_date": "2024-12-31"
  }
},
{
  "model": "catalogue.price",
  "pk": 5,
  "fields": {
    "type": "adult",
    "type_fr": "adult",
    "type_en": "adult",
    "type_nl": "volwassene",
    "price": "15.00",
    "description": "Tarif standard adulte.",
    "description_fr": "Tarif standard adulte.",
    "description_en": "Standard adult rate.",
    "description_nl": "Standaard volwassenentarief.",
    "start_date": "2024-01-01",
    "end_date": "2024-12-31"
  }
},
{
  "model": "catalogue.price",
  "pk": 6,
  "fields": {
    "type": "VIP",
    "type_fr": "VIP",
    "type_en": "VIP",
    "type_nl": "VIP",
    "price": "30.00",
    "description": "Tarif VIP incluant placement privilégié.",
    "description_fr": "Tarif VIP incluant placement privilégié.",
    "description_en": "VIP rate including preferred seating.",
    "description_nl": "VIP-tarief inclusief voorkeurszitplaatsen.",
    "start_date": "2024-01-01",
    "end_date": "2024-12-31"
  }
},
{
  "model": "catalogue.locality",
  "pk": 1,
  "fields": {
    "postal_code": "1000",
    "locality": "Bruxelles",
    "locality_fr": "Bruxelles",
    "locality_en": "Bruxelles",
    "locality_nl": "Brussel"
  }
},
{
  "model": "catalogue.locality",
  "pk": 2,
  "fields": {
    "postal_code": "1040",
    "locality": "Etterbeek",
    "locality_fr": "Etterbeek",
    "locality_en": "Etterbeek",
    "locality_nl": "Etterbeek"
  }
},
{
  "model": "catalogue.locality",
  "pk": 3,
  "fields": {
    "postal_code": "1050",
    "locality": "Ixelles",
    "locality_fr": "Ixelles",
    "locality_en": "Ixelles",
    "locality_nl": "Elsene"
  }
},
{
  "model": "catalogue.locality",
  "pk": 4,
  "fields": {
    "postal_code": "1060",
    "locality": "Saint-Gilles",
    "locality_fr": "Saint-Gilles",
    "locality_en": "Saint-Gilles",
    "locality_nl": "Sint-Gillis"
  }
},
{
  "model": "catalogue.locality",
  "pk": 5,
  "fields": {
    "postal_code": "1030",
    "locality": "Schaerbeek",
    "locality_fr": "Schaerbeek",
    "locality_en": "Schaerbeek",
    "locality_nl": "Schaarbeek"
  }
},
{
  "model": "catalogue.locality",
  "pk": 6,
  "fields": {
    "postal_code": "1080",
    "locality": "Molenbeek-Saint-Jean",
    "locality_fr": "Molenbeek-Saint-Jean",
    "locality_en": "Molenbeek-Saint-Jean",
    "locality_nl": "Sint-Jans-Molenbeek"
  }
},
{
  "model": "catalogue.locality",
  "pk": 7,
  "fields": {
    "postal_code": "1070",
    "locality": "Anderlecht",
    "locality_fr": "Anderlecht",
    "locality_en": "Anderlecht",
    "locality_nl": "Anderlecht"
  }
},
{
  "model": "catalogue.locality",
  "pk": 8,
  "fields": {
    "postal_code": "1180",
    "locality": "Uccle",
    "locality_fr": "Uccle",
    "locality_en": "Uccle",
    "locality_nl": "Ukkel"
  }
},
{
  "model": "catalogue.locality",
  "pk": 9,
  "fields": {
    "postal_code": "1170",
    "locality": "Watermael-Boitsfort",
    "locality_fr": "Watermael-Boitsfort",
    "locality_en": "Watermael-Boitsfort",
    "locality_nl": "Watermaal-Bosvoorde"
  }
},
{
  "model": "catalogue.locality",
  "pk": 10,
  "fields": {
    "postal_code": "1200",
    "locality": "Woluwe-Saint-Lambert",
    "locality_fr": "Woluwe-Saint-Lambert",
    "locality_en": "Woluwe-Saint-Lambert",
    "locality_nl": "Sint-Lambrechts-Woluwe"
  }
},
{
  "model": "catalogue.locality",
  "pk": 11,
  "fields": {
    "postal_code": "1150",
    "locality": "Woluwe-Saint-Pierre",
    "locality_fr": "Woluwe-Saint-Pierre",
    "locality_en": "Woluwe-Saint-Pierre",
    "locality_nl": "Sint-Pieters-Woluwe"
  }
},
{
  "model": "catalogue.locality",
  "pk": 12,
  "fields": {
    "postal_code": "5000",
    "locality": "Namur",
    "locality_fr": "Namur",
    "locality_en": "Namur",
    "locality_nl": "Namen"
  }
},
{
  "model": "catalogue.locality",
  "pk": 13,
  "fields": {
    "postal_code": "4000",
    "locality": "Liège",
    "locality_fr": "Liège",
    "locality_en": "Liège",
    "locality_nl": "Luik"
  }
},
{
  "model": "catalogue.locality",
  "pk": 14,
  "fields": {
    "postal_code": "7000",
    "locality": "Mons",
    "locality_fr": "Mons",
    "locality_en": "Mons",
    "locality_nl": "Bergen"
  }
},
{
  "model": "catalogue.locality",
  "pk": 15,
  "fields": {
    "postal_code": "6000",
    "locality": "Charleroi",
    "locality_fr": "Charleroi",
    "locality_en": "Charleroi",
    "locality_nl": "Charleroi"
  }
},
{
  "model": "catalogue.locality",
  "pk": 16,
  "fields": {
    "postal_code": "7500",
    "locality": "Tournai",
    "locality_fr": "Tournai",
    "locality_en": "Tournai",
    "locality_nl": "Doornik"
  }
},
{
  "model": "catalogue.locality",
  "pk": 17,
  "fields": {
    "postal_code": "1400",
    "locality": "Nivelles",
    "locality_fr": "Nivelles",
    "locality_en": "Nivelles",
    "locality_nl": "Nijvel"
  }
},
{
  "model": "catalogue.locality",
  "pk": 18,
  "fields": {
    "postal_code": "1348",
    "locality": "Louvain-la-Neuve",
    "locality_fr": "Louvain-la-Neuve",
    "locality_en": "Louvain-la-Neuve",
    "locality_nl": "Louvain-la-Neuve"
  }
},
{
  "model": "catalogue.locality",
  "pk": 19,
  "fields": {
    "postal_code": "3000",
    "locality": "Leuven",
    "locality_fr": "Leuven",
    "locality_en": "Leuven",
    "locality_nl": "Leuven"
  }
},
{
  "model": "catalogue.locality",
  "pk": 20,
  "fields": {
    "postal_code": "2000",
    "locality": "Anvers",
    "locality_fr": "Anvers",
    "locality_en": "Anvers",
    "locality_nl": "Antwerpen"
  }
},
{
  "model": "catalogue.location",
  "pk": 1,
  "fields": {
    "slug": "art-center",
    "designation": "Art Center",
    "designation_fr": "Art Center",
    "designation_en": "Art Center",
    "designation_nl": "Kunstcentrum",
    "address": "123 Rue de l'Art",
    "address_fr": "123 Rue de l'Art",
    "address_en": "123 Rue de l'Art",
    "address_nl": "Kunststraat 123",
    "locality": 1,
    "website": null,
    "phone": null,
    "capacity": 100,
    "is_active": true
  }
},
{
  "model": "catalogue.location",
  "pk": 2,
  "fields": {
    "slug": "atrium",
    "designation": "Atrium",
    "designation_fr": "Atrium",
    "designation_en": "Atrium",
    "designation_nl": "Atrium",
    "address": "15 Rue du Commerce",
    "address_fr": "15 Rue du Commerce",
    "address_en": "15 Rue du Commerce",
    "address_nl": "Handelsstraat 15",
    "locality": 1,
    "website": null,
    "phone": null,
    "capacity": 100,
    "is_active": true
  }
},
{
  "model": "catalogue.location",
  "pk": 3,
  "fields": {
    "slug": "opera-house",
    "designation": "Opera House",
    "designation_fr": "Opera House",
    "designation_en": "Opera House",
    "designation_nl": "Operagebouw",
    "address": "1 Place de l'Opéra",
    "address_fr": "1 Place de l'Opéra",
    "address_en": "1 Place de l'Opéra",
    "address_nl": "Operaplein 1",
    "locality": 2,
    "website": null,
    "phone": null,
    "capacity": 100,
    "is_active": true
  }
},
{
  "model": "catalogue.location",
  "pk": 4,
  "fields": {
    "slug": "espace-delvaux-la-venerie",
    "designation": "Espace Delvaux",
    "designation_fr": "Espace Delvaux",
    "designation_en": "Espace Delvaux",
    "designation_nl": "Espace Delvaux",
    "address": "3 Rue Gratès",
    "address_fr": "3 Rue Gratès",
    "address_en": "3 Rue Gratès",
    "address_nl": "Gratèsstraat 3",
    "locality": null,
    "website": "https://www.lavenerie.be",
    "phone": null,
    "capacity": 100,
    "is_active": true
  }
},
{
  "model": "catalogue.location",
  "pk": 5,
  "fields": {
    "slug": "dexia-art-center",
    "designation": "Dexia Art Center",
    "designation_fr": "Dexia Art Center",
    "designation_en": "Dexia Art Center",
    "designation_nl": "Dexia Art Center",
    "address": "50 Rue de l'Ecuyer",
    "address_fr": "50 Rue de l'Ecuyer",
    "address_en": "50 Rue de l'Ecuyer",
    "address_nl": "Schildknaapstraat 50",
    "locality": 1,
    "website": null,
    "phone": null,
    "capacity": 100,
    "is_active": true
  }
},
{
  "model": "catalogue.location",
  "pk": 6,
  "fields": {
    "slug": "la-samaritaine",
    "designation": "La Samaritaine",
    "designation_fr": "La Samaritaine",
    "designation_en": "La Samaritaine",
    "designation_nl": "La Samaritaine",
    "address": "16 Rue de la Samaritaine",
    "address_fr": "16 Rue de la Samaritaine",
    "address_en": "16 Rue de la Samaritaine",
    "address_nl": "Samaritainestraat 16",
    "locality": 1,
    "website": "http://www.lasamaritaine.be/",
    "phone": null,
    "capacity": 100,
    "is_active": true
  }
},
{
  "model": "catalogue.location",
  "pk": 7,
  "fields": {
    "slug": "espace-magh",
    "designation": "Espace Magh",
    "designation_fr": "Espace Magh",
    "designation_en": "Espace Magh",
    "designation_nl": "Espace Magh",
    "address": "17 Rue du Poinçon",
    "address_fr": "17 Rue du Poinçon",
    "address_en": "17 Rue du Poinçon",
    "address_nl": "Priemstraat 17",
    "locality": 1,
    "website": null,
    "phone": null,
    "capacity": 100,
    "is_active": true
  }
},
{
  "model": "catalogue.location",
  "pk": 8,
  "fields": {
    "slug": "cirque-royal",
    "designation": "Cirque Royal",
    "designation_fr": "Cirque Royal",
    "designation_en": "Cirque Royal",
    "designation_nl": null,
    "address": "R de l'Enseignement-Onderrichtsstraat 81",
    "address_fr": "R de l'Enseignement-Onderrichtsstraat 81",
    "address_en": "R de l'Enseignement-Onderrichtsstraat 81",
    "address_nl": null,
    "locality": 1,
    "website": null,
    "phone": null,
    "capacity": 100,
    "is_active": true
  }
},
{
  "model": "catalogue.location",
  "pk": 9,
  "fields": {
    "slug": "cirque-royal-club",
    "designation": "Cirque Royal Club",
    "designation_fr": "Cirque Royal Club",
    "designation_en": "Cirque Royal Club",
    "designation_nl": null,
    "address": "R de l'Enseignement-Onderrichtsstraat 81",
    "address_fr": "R de l'Enseignement-Onderrichtsstraat 81",
    "address_en": "R de l'Enseignement-Onderrichtsstraat 81",
    "address_nl": null,
    "locality": 1,
    "website": null,
    "phone": null,
    "capacity": 100,
    "is_active": true
  }
},
{
  "model": "catalogue.location",
  "pk": 10,
  "fields": {
    "slug": "grand-place-de-bruxelles",
    "designation": "Grand-Place de Bruxelles",
    "designation_fr": "Grand-Place de Bruxelles",
    "designation_en": "Grand-Place de Bruxelles",
    "designation_nl": null,
    "address": "Entrance: rue Charles Buls",
    "address_fr": "Entrance: rue Charles Buls",
    "address_en": "Entrance: rue Charles Buls",
    "address_nl": null,
    "locality": 1,
    "website": null,
    "phone": null,
    "capacity": 100,
    "is_active": true
  }
},
{
  "model": "catalogue.showprice",
  "pk": 1,
  "fields": {
    "show": 1,
    "price": 1,
    "quantity_total": 100
  }
},
{
  "model": "catalogue.showprice",
  "pk": 2,
  "fields": {
    "show": 1,
    "price": 2,
    "quantity_total": 100
  }
},
{
  "model": "catalogue.showprice",
  "pk": 3,
  "fields": {
    "show": 1,
    "price": 3,
    "quantity_total": 100
  }
},
{
  "model": "catalogue.showprice",
  "pk": 4,
  "fields": {
    "show": 1,
    "price": 4,
    "quantity_total": 100
  }
},
{
  "model": "catalogue.showprice",
  "pk": 5,
  "fields": {
    "show": 1,
    "price": 5,
    "quantity_total": 100
  }
},
{
  "model": "catalogue.showprice",
  "pk": 6,
  "fields": {
    "show": 1,
    "price": 6,
    "quantity_total": 100
  }
},
{
  "model": "catalogue.showprice",
  "pk": 7,
  "fields": {
    "show": 2,
    "price": 1,
    "quantity_total": 100
  }
},
{
  "model": "catalogue.showprice",
  "pk": 8,
  "fields": {
    "show": 2,
    "price": 2,
    "quantity_total": 100
  }
},
{
  "model": "catalogue.showprice",
  "pk": 9,
  "fields": {
    "show": 2,
    "price": 3,
    "quantity_total": 100
  }
},
{
  "model": "catalogue.showprice",
  "pk": 10,
  "fields": {
    "show": 2,
    "price": 4,
    "quantity_total": 100
  }
},
{
  "model": "catalogue.showprice",
  "pk": 11,
  "fields": {
    "show": 2,
    "price": 5,
    "quantity_total": 100
  }
},
{
  "model": "catalogue.showprice",
  "pk": 12,
  "fields": {
    "show": 2,
    "price": 6,
    "quantity_total": 100
  }
},
{
  "model": "catalogue.showprice",
  "pk": 13,
  "fields": {
    "show": 3,
    "price": 1,
    "quantity_total": 100
  }
},
{
  "model": "catalogue.showprice",
  "pk": 14,
  "fields": {
    "show": 3,
    "price": 2,
    "quantity_total": 100
  }
},
{
  "model": "catalogue.showprice",
  "pk": 15,
  "fields": {
    "show": 3,
    "price": 3,
    "quantity_total": 100
  }
},
{
  "model": "catalogue.showprice",
  "pk": 16,
  "fields": {
    "show": 3,
    "price": 4,
    "quantity_total": 100
  }
},
{
  "model": "catalogue.showprice",
  "pk": 17,
  "fields": {
    "show": 3,
    "price": 5,
    "quantity_total": 100
  }
},
{
  "model": "catalogue.showprice",
  "pk": 18,
  "fields": {
    "show": 3,
    "price": 6,
    "quantity_total": 100
  }
},
{
  "model": "catalogue.showprice",
  "pk": 19,
  "fields": {
    "show": 4,
    "price": 1,
    "quantity_total": 100
  }
},
{
  "model": "catalogue.showprice",
  "pk": 20,
  "fields": {
    "show": 4,
    "price": 2,
    "quantity_total": 100
  }
},
{
  "model": "catalogue.showprice",
  "pk": 21,
  "fields": {
    "show": 4,
    "price": 3,
    "quantity_total": 100
  }
},
{
  "model": "catalogue.showprice",
  "pk": 22,
  "fields": {
    "show": 4,
    "price": 4,
    "quantity_total": 100
  }
},
{
  "model": "catalogue.showprice",
  "pk": 23,
  "fields": {
    "show": 4,
    "price": 5,
    "quantity_total": 100
  }
},
{
  "model": "catalogue.showprice",
  "pk": 24,
  "fields": {
    "show": 4,
    "price": 6,
    "quantity_total": 100
  }
},
{
  "model": "catalogue.show",
  "pk": 1,
  "fields": {
    "slug": "ayiti",
    "title": "Ayiti",
    "title_fr": "Ayiti",
    "title_en": "Ayiti",
    "title_nl": "Ayiti",
    "description": "Un homme est bloqué à l'aéroport.\n Questionné par les douaniers, il doit alors justifier son identité, et surtout prouver qu'il est haïtien - Qu'est-ce qu'être haïtien ?",
    "description_fr": "Un homme est bloqué à l'aéroport.\n Questionné par les douaniers, il doit alors justifier son identité, et surtout prouver qu'il est haïtien - Qu'est-ce qu'être haïtien ?",
    "description_en": "A man is stuck at the airport. Questioned by customs, he must justify his identity and prove he is Haitian - What does it mean to be Haitian?",
    "description_nl": "Een man zit vast op het vliegveld. Ondervraagd door de douane, moet hij zijn identiteit rechtvaardigen en bewijzen dat hij Haïtiaan is - Wat betekent het om Haïtiaan te zijn?",
    "poster": "ayiti.jpg",
    "duration": 90,
    "created_in": 2010,
    "location": 4,
    "bookable": true,
    "created_at": "2025-01-07T17:41:03.509Z",
    "updated_at": null,
    "producer": null,
    "status": "published",
    "external_url": null
  }
},
{
  "model": "catalogue.show",
  "pk": 2,
  "fields": {
    "slug": "cible-mouvante",
    "title": "Cible mouvante",
    "title_fr": "Cible mouvante",
    "title_en": "Moving Target",
    "title_nl": "Bewegend Doel",
    "description": "Dans ce « thriller d'anticipation », des adultes semblent alimenter et véhiculer une crainte féroce envers les enfants âgés entre 10 et 12 ans.",
    "description_fr": "Dans ce « thriller d'anticipation », des adultes semblent alimenter et véhiculer une crainte féroce envers les enfants âgés entre 10 et 12 ans.",
    "description_en": "In this 'anticipation thriller', adults seem to feed and convey a fierce fear towards children aged between 10 and 12.",
    "description_nl": "In deze 'anticipatiethriller' lijken volwassenen een felle angst voor kinderen tussen de 10 en 12 jaar te voeden en over te dragen.",
    "poster": "cible.jpg",
    "duration": 90,
    "created_in": 2012,
    "location": 5,
    "bookable": true,
    "created_at": "2025-01-07T17:41:15.554Z",
    "updated_at": null,
    "producer": null,
    "status": "published",
    "external_url": null
  }
},
{
  "model": "catalogue.show",
  "pk": 3,
  "fields": {
    "slug": "ceci-nest-pas-un-chanteur-belge",
    "title": "Ceci n'est pas un chanteur belge",
    "title_fr": "Ceci n'est pas un chanteur belge",
    "title_en": "This is Not a Belgian Singer",
    "title_nl": "Dit is geen Belgische zanger",
    "description": "Non peut-être ?!\nEntre Magritte (pour le surréalisme comique) et Maigret (pour le réalisme mélancolique), ce dixième opus semalien propose quatorze nouvelles chansons mêlées à de petits textes humoristiques et à quelques fortes images poétiques.",
    "description_fr": "Non peut-être ?!\nEntre Magritte (pour le surréalisme comique) et Maigret (pour le réalisme mélancolique), ce dixième opus semalien propose quatorze nouvelles chansons mêlées à de petits textes humoristiques et à quelques fortes images poétiques.",
    "description_en": "Not perhaps?! Between Magritte (for comic surrealism) and Maigret (for melancholic realism), this tenth Semalian opus offers fourteen new songs mixed with short humorous texts and some strong poetic images.",
    "description_nl": "Niet misschien?! Tussen Magritte (voor komisch surrealisme) en Maigret (voor melancholisch realisme), biedt dit tiende Semaliaanse opus veertien nieuwe liedjes vermengd met korte humoristische teksten en enkele sterke poëtische beelden.",
    "poster": "ceci-nest-pas-un-chanteur-belge.jpg",
    "duration": 90,
    "created_in": 2014,
    "location": null,
    "bookable": false,
    "created_at": "2025-01-07T17:41:15.585Z",
    "updated_at": null,
    "producer": null,
    "status": "published",
    "external_url": null
  }
},
{
  "model": "catalogue.show",
  "pk": 4,
  "fields": {
    "slug": "manneke",
    "title": "Manneke… !",
    "title_fr": "Manneke… !",
    "title_en": "Manneke… !",
    "title_nl": "Manneke… !",
    "description": "A tour de rôle, Pierre se joue de ses oncles, tantes, grands-parents et surtout de sa mère.",
    "description_fr": "A tour de rôle, Pierre se joue de ses oncles, tantes, grands-parents et surtout de sa mère.",
    "description_en": "In turn, Pierre plays with his uncles, aunts, grandparents and especially his mother.",
    "description_nl": "Om beurten speelt Pierre met zijn ooms, tantes, grootouders en vooral zijn moeder.",
    "poster": "manneke.jpg",
    "duration": 90,
    "created_in": 2011,
    "location": 6,
    "bookable": true,
    "created_at": "2025-01-07T17:41:40.894Z",
    "updated_at": null,
    "producer": null,
    "status": "published",
    "external_url": null
  }
},
{
  "model": "catalogue.representation",
  "pk": 1,
  "fields": {
    "show": 1,
    "schedule": "2012-10-12T13:30:00Z",
    "location": 4,
    "available_seats": 100,
    "total_seats": 100
  }
},
{
  "model": "catalogue.representation",
  "pk": 2,
  "fields": {
    "show": 1,
    "schedule": "2012-10-12T20:30:00Z",
    "location": 5,
    "available_seats": 100,
    "total_seats": 100
  }
},
{
  "model": "catalogue.representation",
  "pk": 3,
  "fields": {
    "show": 2,
    "schedule": "2012-10-02T20:30:00Z",
    "location": null,
    "available_seats": 100,
    "total_seats": 100
  }
},
{
  "model": "catalogue.representation",
  "pk": 4,
  "fields": {
    "show": 3,
    "schedule": "2012-10-16T20:30:00Z",
    "location": null,
    "available_seats": 100,
    "total_seats": 100
  }
},
{
  "model": "catalogue.reservation",
  "pk": 1,
  "fields": {
    "booking_date": "2025-11-21T21:11:36.732Z",
    "status": "payée",
    "user": 2
  }
},
{
  "model": "catalogue.reservation",
  "pk": 2,
  "fields": {
    "booking_date": "2025-11-21T22:15:23.688Z",
    "status": "payée",
    "user": 2
  }
},
{
  "model": "catalogue.reservation",
  "pk": 3,
  "fields": {
    "booking_date": "2025-11-21T22:15:23.700Z",
    "status": "en attente",
    "user": 2
  }
},
{
  "model": "catalogue.representationreservation",
  "pk": 1,
  "fields": {
    "representation": 1,
    "reservation": 1,
    "price": 5,
    "quantity": 1
  }
},
{
  "model": "catalogue.representationreservation",
  "pk": 2,
  "fields": {
    "representation": 1,
    "reservation": 2,
    "price": 5,
    "quantity": 1
  }
},
{
  "model": "catalogue.representationreservation",
  "pk": 3,
  "fields": {
    "representation": 1,
    "reservation": 3,
    "price": 5,
    "quantity": 1
  }
},
{
  "model": "catalogue.review",
  "pk": 1,
  "fields": {
    "user": 1,
    "show": 1,
    "review": "Excellent.",
    "review_fr": "Excellent.",
    "review_en": "Excellent.",
    "review_nl": "Uitstekend.",
    "stars": 5,
    "validated": true,
    "is_pinned": false,
    "created_at": "2025-01-07T17:41:03.509Z",
    "updated_at": null
  }
},
{
  "model": "catalogue.review",
  "pk": 2,
  "fields": {
    "user": 1,
    "show": 2,
    "review": "Pas mal.",
    "review_fr": "Pas mal.",
    "review_en": "Not bad.",
    "review_nl": "Niet slecht.",
    "stars": 3,
    "validated": true,
    "is_pinned": false,
    "created_at": "2025-01-07T17:41:03.509Z",
    "updated_at": null
  }
},
{
  "model": "catalogue.review",
  "pk": 3,
  "fields": {
    "user": 2,
    "show": 1,
    "review": "Magnifique!",
    "review_fr": "Magnifique!",
    "review_en": "Magnificent!",
    "review_nl": "Prachtig!",
    "stars": 5,
    "validated": true,
    "is_pinned": false,
    "created_at": "2025-01-07T17:41:03.509Z",
    "updated_at": null
  }
},
{
  "model": "catalogue.artisttype",
  "pk": 1,
  "fields": {
    "artist": 1,
    "type": 1
  }
},
{
  "model": "catalogue.artisttype",
  "pk": 2,
  "fields": {
    "artist": 2,
    "type": 1
  }
},
{
  "model": "catalogue.artisttype",
  "pk": 3,
  "fields": {
    "artist": 1,
    "type": 2
  }
},
{
  "model": "catalogue.artisttype",
  "pk": 4,
  "fields": {
    "artist": 2,
    "type": 2
  }
},
{
  "model": "catalogue.artisttype",
  "pk": 5,
  "fields": {
    "artist": 1,
    "type": 3
  }
},
{
  "model": "catalogue.artisttype",
  "pk": 6,
  "fields": {
    "artist": 3,
    "type": 1
  }
},
{
  "model": "catalogue.artisttype",
  "pk": 7,
  "fields": {
    "artist": 4,
    "type": 2
  }
},
{
  "model": "catalogue.artisttype",
  "pk": 8,
  "fields": {
    "artist": 5,
    "type": 3
  }
},
{
  "model": "catalogue.artisttype",
  "pk": 9,
  "fields": {
    "artist": 6,
    "type": 3
  }
},
{
  "model": "catalogue.artisttype",
  "pk": 10,
  "fields": {
    "artist": 7,
    "type": 3
  }
},
{
  "model": "catalogue.artisttype",
  "pk": 11,
  "fields": {
    "artist": 8,
    "type": 3
  }
},
{
  "model": "catalogue.artisttype",
  "pk": 12,
  "fields": {
    "artist": 9,
    "type": 3
  }
},
{
  "model": "catalogue.artisttype",
  "pk": 13,
  "fields": {
    "artist": 10,
    "type": 1
  }
},
{
  "model": "catalogue.artisttype",
  "pk": 14,
  "fields": {
    "artist": 11,
    "type": 2
  }
},
{
  "model": "catalogue.artisttype",
  "pk": 15,
  "fields": {
    "artist": 10,
    "type": 3
  }
},
{
  "model": "catalogue.artisttype",
  "pk": 16,
  "fields": {
    "artist": 12,
    "type": 1
  }
},
{
  "model": "catalogue.artisttype",
  "pk": 17,
  "fields": {
    "artist": 13,
    "type": 1
  }
},
{
  "model": "catalogue.artisttype",
  "pk": 18,
  "fields": {
    "artist": 12,
    "type": 3
  }
},
{
  "model": "catalogue.artisttype",
  "pk": 19,
  "fields": {
    "artist": 13,
    "type": 3
  }
},
{
  "model": "catalogue.affiliate",
  "pk": 1,
  "fields": {
    "user": 11,
    "tier": null,
    "api_key": "f8e9efa6d48a4de1a80ee4df36c9383c",
    "is_active": true,
    "created_at": "2026-04-29T12:44:49.993Z",
    "updated_at": "2026-04-29T12:44:49.993Z"
  }
},
{
  "model": "catalogue.affiliate",
  "pk": 2,
  "fields": {
    "user": 12,
    "tier": null,
    "api_key": "73cb4a04012b4091917dcc069ecf4025",
    "is_active": true,
    "created_at": "2026-04-29T13:40:30.659Z",
    "updated_at": "2026-04-29T13:40:30.659Z"
  }
},
{
  "model": "catalogue.affiliate",
  "pk": 3,
  "fields": {
    "user": 13,
    "tier": null,
    "api_key": "f0417d211be84d64b61afdd5095f75d5",
    "is_active": true,
    "created_at": "2026-04-29T13:41:25.560Z",
    "updated_at": "2026-04-29T13:41:25.560Z"
  }
}
]
